{
  "schema_version": 1,
  "generated_at": "2026-07-09T22:40:04.654166+00:00",
  "source_rows": 14,
  "groups": [
    {
      "chip": "Apple M2 Max",
      "model_alias": "gpt-oss-20b-mxfp4-q8",
      "rapid_mlx_version": "0.10.5",
      "row_count": 1,
      "submission_ids": [
        "92592822946c"
      ],
      "short": {
        "decode_tps": {
          "median": 86.02819429237304,
          "p25": 86.02819429237304,
          "p75": 86.02819429237304
        },
        "prefill_tps": {
          "median": 599.1820259647302,
          "p25": 599.1820259647302,
          "p75": 599.1820259647302
        },
        "ttft_ms": {
          "median": 881.2013330170885,
          "p25": 881.2013330170885,
          "p75": 881.2013330170885
        }
      },
      "long": {
        "decode_tps": {
          "median": 80.08705666811433,
          "p25": 80.08705666811433,
          "p75": 80.08705666811433
        },
        "prefill_tps": {
          "median": 655.8510033648988,
          "p25": 655.8510033648988,
          "p75": 655.8510033648988
        },
        "ttft_ms": {
          "median": 3237.015708000399,
          "p25": 3237.015708000399,
          "p75": 3237.015708000399
        }
      }
    },
    {
      "chip": "Apple M2 Max",
      "model_alias": "qwen3.5-9b-4bit",
      "rapid_mlx_version": "0.10.5",
      "row_count": 1,
      "submission_ids": [
        "426cc891c0a3"
      ],
      "short": {
        "decode_tps": {
          "median": 63.50301639314472,
          "p25": 63.50301639314472,
          "p75": 63.50301639314472
        },
        "prefill_tps": {
          "median": 378.32026861616833,
          "p25": 378.32026861616833,
          "p75": 378.32026861616833
        },
        "ttft_ms": {
          "median": 1414.1457499936223,
          "p25": 1414.1457499936223,
          "p75": 1414.1457499936223
        }
      },
      "long": {
        "decode_tps": {
          "median": 62.00298958665433,
          "p25": 62.00298958665433,
          "p75": 62.00298958665433
        },
        "prefill_tps": {
          "median": 396.9084117721946,
          "p25": 396.9084117721946,
          "p75": 396.9084117721946
        },
        "ttft_ms": {
          "median": 5421.905749972211,
          "p25": 5421.905749972211,
          "p75": 5421.905749972211
        }
      }
    },
    {
      "chip": "Apple M2 Max",
      "model_alias": "qwen3.6-35b-4bit",
      "rapid_mlx_version": "0.10.3",
      "row_count": 1,
      "submission_ids": [
        "030c4de4afdb"
      ],
      "short": {
        "decode_tps": {
          "median": 79.74748304861815,
          "p25": 79.74748304861815,
          "p75": 79.74748304861815
        },
        "prefill_tps": {
          "median": 516.0794936061274,
          "p25": 516.0794936061274,
          "p75": 516.0794936061274
        },
        "ttft_ms": {
          "median": 1036.6619999986142,
          "p25": 1036.6619999986142,
          "p75": 1036.6619999986142
        }
      },
      "long": {
        "decode_tps": {
          "median": 69.15381036906716,
          "p25": 69.15381036906716,
          "p75": 69.15381036906716
        },
        "prefill_tps": {
          "median": 517.8507197848937,
          "p25": 517.8507197848937,
          "p75": 517.8507197848937
        },
        "ttft_ms": {
          "median": 4155.637749994639,
          "p25": 4155.637749994639,
          "p75": 4155.637749994639
        }
      }
    },
    {
      "chip": "Apple M2 Max",
      "model_alias": "qwen3.6-35b-4bit",
      "rapid_mlx_version": "0.10.5",
      "row_count": 1,
      "submission_ids": [
        "96c1152b8cfe"
      ],
      "short": {
        "decode_tps": {
          "median": 84.1651336497196,
          "p25": 84.1651336497196,
          "p75": 84.1651336497196
        },
        "prefill_tps": {
          "median": 619.0095817699445,
          "p25": 619.0095817699445,
          "p75": 619.0095817699445
        },
        "ttft_ms": {
          "median": 864.2838750092778,
          "p25": 864.2838750092778,
          "p75": 864.2838750092778
        }
      },
      "long": {
        "decode_tps": {
          "median": 80.16361743830764,
          "p25": 80.16361743830764,
          "p75": 80.16361743830764
        },
        "prefill_tps": {
          "median": 753.2159775928258,
          "p25": 753.2159775928258,
          "p75": 753.2159775928258
        },
        "ttft_ms": {
          "median": 2857.0822500041686,
          "p25": 2857.0822500041686,
          "p75": 2857.0822500041686
        }
      }
    },
    {
      "chip": "Apple M3 Ultra",
      "model_alias": "gemma3-1b-4bit",
      "rapid_mlx_version": "0.7.26",
      "row_count": 1,
      "submission_ids": [
        "bcdd015e6401"
      ],
      "short": {
        "decode_tps": {
          "median": 257.65444178143696,
          "p25": 257.65444178143696,
          "p75": 257.65444178143696
        },
        "prefill_tps": {
          "median": 6827.53063250403,
          "p25": 6827.53063250403,
          "p75": 6827.53063250403
        },
        "ttft_ms": {
          "median": 78.06629200058524,
          "p25": 78.06629200058524,
          "p75": 78.06629200058524
        }
      },
      "long": {
        "decode_tps": {
          "median": 258.6301577366272,
          "p25": 258.6301577366272,
          "p75": 258.6301577366272
        },
        "prefill_tps": {
          "median": 8345.765070368108,
          "p25": 8345.765070368108,
          "p75": 8345.765070368108
        },
        "ttft_ms": {
          "median": 255.33908299985342,
          "p25": 255.33908299985342,
          "p75": 255.33908299985342
        }
      }
    },
    {
      "chip": "Apple M3 Ultra",
      "model_alias": "gemma3-1b-qat-4bit",
      "rapid_mlx_version": "0.7.25",
      "row_count": 1,
      "submission_ids": [
        "2a31e18c1a47"
      ],
      "short": {
        "decode_tps": {
          "median": 255.62226426810216,
          "p25": 255.62226426810216,
          "p75": 255.62226426810216
        },
        "prefill_tps": {
          "median": 7321.374063889859,
          "p25": 7321.374063889859,
          "p75": 7321.374063889859
        },
        "ttft_ms": {
          "median": 72.80054199509323,
          "p25": 72.80054199509323,
          "p75": 72.80054199509323
        }
      },
      "long": {
        "decode_tps": {
          "median": 257.79767007228963,
          "p25": 257.79767007228963,
          "p75": 257.79767007228963
        },
        "prefill_tps": {
          "median": 8722.691289235543,
          "p25": 8722.691289235543,
          "p75": 8722.691289235543
        },
        "ttft_ms": {
          "median": 244.3053329916438,
          "p25": 244.3053329916438,
          "p75": 244.3053329916438
        }
      }
    },
    {
      "chip": "Apple M3 Ultra",
      "model_alias": "gemma3-1b-qat-4bit",
      "rapid_mlx_version": "0.7.26",
      "row_count": 1,
      "submission_ids": [
        "ba03a40c2ad9"
      ],
      "short": {
        "decode_tps": {
          "median": 261.0653644230458,
          "p25": 261.0653644230458,
          "p75": 261.0653644230458
        },
        "prefill_tps": {
          "median": 7356.125130118277,
          "p25": 7356.125130118277,
          "p75": 7356.125130118277
        },
        "ttft_ms": {
          "median": 72.45662499917671,
          "p25": 72.45662499917671,
          "p75": 72.45662499917671
        }
      },
      "long": {
        "decode_tps": {
          "median": 262.0431016038515,
          "p25": 262.0431016038515,
          "p75": 262.0431016038515
        },
        "prefill_tps": {
          "median": 8737.021694177374,
          "p25": 8737.021694177374,
          "p75": 8737.021694177374
        },
        "ttft_ms": {
          "median": 243.90462500741705,
          "p25": 243.90462500741705,
          "p75": 243.90462500741705
        }
      }
    },
    {
      "chip": "Apple M3 Ultra",